{
  "hash": "fdb23921",
  "configHash": "87245b5e",
  "lockfileHash": "540023c7",
  "browserHash": "98cb2ec2",
  "optimized": {
    "@angular/common": {
      "src": "../../../../../../node_modules/@angular/common/fesm2022/common.mjs",
      "file": "@angular_common.js",
      "fileHash": "7d1c07e2",
      "needsInterop": false
    },
    "@angular/common/http": {
      "src": "../../../../../../node_modules/@angular/common/fesm2022/http.mjs",
      "file": "@angular_common_http.js",
      "fileHash": "e787db10",
      "needsInterop": false
    },
    "@angular/core": {
      "src": "../../../../../../node_modules/@angular/core/fesm2022/core.mjs",
      "file": "@angular_core.js",
      "fileHash": "6737f853",
      "needsInterop": false
    },
    "@angular/forms": {
      "src": "../../../../../../node_modules/@angular/forms/fesm2022/forms.mjs",
      "file": "@angular_forms.js",
      "fileHash": "10d6ac51",
      "needsInterop": false
    },
    "@angular/platform-browser": {
      "src": "../../../../../../node_modules/@angular/platform-browser/fesm2022/platform-browser.mjs",
      "file": "@angular_platform-browser.js",
      "fileHash": "90c4cb27",
      "needsInterop": false
    },
    "@angular/router": {
      "src": "../../../../../../node_modules/@angular/router/fesm2022/router.mjs",
      "file": "@angular_router.js",
      "fileHash": "c237d9df",
      "needsInterop": false
    },
    "zone.js": {
      "src": "../../../../../../node_modules/zone.js/fesm2015/zone.js",
      "file": "zone__js.js",
      "fileHash": "afefdb2e",
      "needsInterop": true
    }
  },
  "chunks": {
    "chunk-QJYAN2M3": {
      "file": "chunk-QJYAN2M3.js"
    },
    "chunk-BXZ4M24K": {
      "file": "chunk-BXZ4M24K.js"
    },
    "chunk-GGTZV7KY": {
      "file": "chunk-GGTZV7KY.js"
    },
    "chunk-5KK3G4LL": {
      "file": "chunk-5KK3G4LL.js"
    },
    "chunk-3HBVLJ4R": {
      "file": "chunk-3HBVLJ4R.js"
    },
    "chunk-WDMUDEB6": {
      "file": "chunk-WDMUDEB6.js"
    }
  }
}